Mouse,Intranasal_treatment,Sex,Diet,Genotype,Surgery,Airway_num,Total_Area,Total_Major,Total_Minor,Percent_Diff_Total Major_over_Minor,Lumen_Area,Lumen_Major,Lumen_Minor,Percent_Diff_Lumen_Major_over_Minor,Difference_Total_minua_Lumen,Trichrome_Area,Trichrome_Major,Trichrome_Minor,Percent_Diff_Trichrome _Major_over_Minor,Percent_Trichrome_Area,Mean_Percent_Trichrome_Area,Mean_Percent_Trichrome_Area_outliers_removed
JI-723,HDM,F,HFD,KO,No,1,974957,1723.05,720.44,58.18809669,434176,1238.275,446.436,63.94694232,540781,67015,428.019,199.351,53.42473115,12.3922623,9.6569046,9.6569046
JI-723,HDM,F,HFD,KO,No,2,98912,385.277,326.878,15.15766578,21214,183.532,147.17,19.8123488,77698,8259,124.837,84.235,32.52401131,10.62961724,9.6569046,9.6569046
JI-723,HDM,F,HFD,KO,No,3,118340,428.53,351.609,17.9499685,51092,285.679,227.711,20.29130598,67248,5859,96.891,76.993,20.53647914,8.712526767,9.6569046,9.6569046
JI-723,HDM,F,HFD,KO,No,4,161438,571.524,359.651,37.07158405,70765,416.173,216.498,47.97884534,90673,6457,97.842,84.027,14.11970319,7.12119374,9.6569046,9.6569046
JI-723,HDM,F,HFD,KO,No,5,112435,419.696,341.096,18.7278411,43640,269.013,206.548,23.22006743,68795,5300,87.34,77.263,11.53766888,7.704048259,9.6569046,9.6569046
JI-723,HDM,F,HFD,KO,No,6,88963,422.247,268.258,36.4689388,31438,247.189,161.933,34.4902079,57525,4191,80.254,66.491,17.14930097,7.285528031,9.6569046,9.6569046
JI-723,HDM,F,HFD,KO,No,7,67051,347.528,245.655,29.31360926,22693,219.836,131.433,40.2131589,44358,3978,80.03,63.288,20.91965513,8.967942648,9.6569046,9.6569046
JI-723,HDM,F,HFD,KO,No,8,299687,815.066,468.15,42.56293355,100450,569.6,224.538,60.57970506,199237,28148,248.086,144.462,41.76938642,14.12789793,9.6569046,9.6569046
JI-723,HDM,F,HFD,KO,No,9,151505,521.383,369.982,29.03834609,53823,354.927,193.081,45.5997994,97682,9453,124.305,96.826,22.10610997,9.677320284,9.6569046,9.6569046
JI-723,HDM,F,HFD,KO,No,10,157592,548.827,365.602,33.38483712,58182,316.189,234.289,25.90222936,99410,9892,154.982,81.267,47.56358803,9.950709184,9.6569046,9.6569046
JI-724,PBS,F,NC,WT,No,1,849289,1721.328,628.206,63.50457321,259604,883.073,374.304,57.61347023,589685,41407,349.225,150.966,56.77113609,7.021884565,8.282755,8.282755
JI-724,PBS,F,NC,WT,No,2,154471,496.682,395.985,20.27393785,79161,371.387,271.391,26.92501353,75310,4193,78.694,67.841,13.79139452,5.567653698,8.282755,8.282755
JI-724,PBS,F,NC,WT,No,3,173115,504.1,437.248,13.26165443,81770,332.897,312.747,6.052923277,91345,5077,86.09,75.087,12.78081078,5.558049154,8.282755,8.282755
JI-724,PBS,F,NC,WT,No,4,202603,627.689,410.971,34.5263339,32713,266.465,156.311,41.33901263,169890,24979,225.18,141.239,37.27728928,14.70304315,8.282755,8.282755
JI-724,PBS,F,NC,WT,No,5,817909,1495.091,696.542,53.4113977,398705,1018.617,498.369,51.07395616,419204,40734,323.234,160.454,50.35980126,9.716987433,8.282755,8.282755
JI-724,PBS,F,NC,WT,No,6,187753,515.33,463.886,9.982729513,47090,340.629,176.018,48.32559764,140663,10341,118.607,111.01,6.405186878,7.351613431,8.282755,8.282755
JI-724,PBS,F,NC,WT,No,7,64817,330.884,249.415,24.62161966,19088,194.74,124.8,35.91455274,45729,2039,63.226,41.061,35.05678044,4.458877299,8.282755,8.282755
JI-724,PBS,F,NC,WT,No,8,244896,692.95,449.977,35.0635688,64712,366.447,224.845,38.64187727,180184,17159,179.111,121.978,31.89809671,9.523043111,8.282755,8.282755
JI-724,PBS,F,NC,WT,No,9,126410,447.649,359.546,19.68126814,46679,268.464,221.384,17.53680195,79731,4769,89.841,67.587,24.77042776,5.981362331,8.282755,8.282755
JI-724,PBS,F,NC,WT,No,10,188073,610.409,392.297,35.73210749,26822,307.861,110.929,63.96782964,161251,20874,208.959,127.191,39.13112142,12.945036,8.282755,8.282755
JI-725,PBS,F,NC,WT,No,1,886574,1748.961,645.424,63.09671857,388972,1115.202,444.094,60.17815606,497602,48082,408.276,149.947,63.27312896,9.662742513,12.427382,12.427382
JI-725,PBS,F,NC,WT,No,2,266620,689.926,492.04,28.6822065,114830,440.253,332.095,24.56723747,151790,19980,186.256,136.582,26.66974487,13.16292246,12.427382,12.427382
JI-725,PBS,F,NC,WT,No,3,338842,743.458,580.298,21.94609514,139268,489.178,362.489,25.89834375,199574,30243,231.155,166.584,27.93407021,15.15377755,12.427382,12.427382
JI-725,PBS,F,NC,WT,No,4,275201,728.963,480.678,34.06002774,128733,592.544,276.617,53.31705325,146468,15684,172.95,115.464,33.23850824,10.70814103,12.427382,12.427382
JI-725,PBS,F,NC,WT,No,5,230640,576.804,509.116,11.73500877,78429,415.688,240.226,42.2100229,152211,20786,165.039,160.36,2.835087464,13.65604326,12.427382,12.427382
JI-725,PBS,F,NC,WT,No,6,97626,400.148,310.638,22.36922339,27962,221.883,160.455,27.68486094,69664,9314,127.414,93.074,26.95151239,13.36988976,12.427382,12.427382
JI-725,PBS,F,NC,WT,No,7,328872,732.976,571.278,22.06047674,92814,368.138,321.006,12.80280764,236058,40321,262.03,195.926,25.22764569,17.08097163,12.427382,12.427382
JI-725,PBS,F,NC,WT,No,8,841537,1616.085,663.009,58.97437325,354082,1011.998,445.486,55.97955727,487455,54736,421.573,165.314,60.78638812,11.22893395,12.427382,12.427382
JI-725,PBS,F,NC,WT,No,9,148559,476.509,396.952,16.69580218,37281,252.515,187.979,25.55729363,111278,13448,146.2,117.117,19.89261286,12.08504826,12.427382,12.427382
JI-725,PBS,F,NC,WT,No,10,88645,391.614,288.208,26.40508256,15127,145.108,132.73,8.530198197,73518,6003,104.711,72.994,30.29003639,8.165347262,12.427382,12.427382
JI-726,PBS,F,NC,WT,No,1,115421,427.267,343.95,19.49998479,55534,307.71,229.788,25.32319392,59887,5870,96.436,77.501,19.63478369,9.801793378,10.067619,9.4712952
JI-726,PBS,F,NC,WT,No,2,269851,833.881,412.031,50.58875307,109724,607.152,230.099,62.10191188,160127,16556,193.126,109.15,43.48249329,10.33929319,10.067619,9.4712952
JI-726,PBS,F,NC,WT,No,3,164202,656.679,318.373,51.51771261,61444,448.349,174.491,61.08143433,102758,6178,115.53,68.087,41.06552411,6.012183966,10.067619,9.4712952
JI-726,PBS,F,NC,WT,No,4,571026,1248.855,582.175,53.3832991,313949,918.988,434.97,52.66858762,257077,24451,250.296,124.381,50.30643718,9.511158136,10.067619,9.4712952
JI-726,PBS,F,NC,WT,No,5,416148,948.929,558.373,41.15755763,230156,817.442,358.489,56.14502313,185992,28707,234.678,155.749,33.63289273,15.43453482,10.067619,9.4712952
JI-726,PBS,F,NC,WT,No,6,318756,826.805,490.869,40.63062028,86706,500.737,220.47,55.9708989,232050,20426,198.821,130.807,34.20866005,8.802413273,10.067619,9.4712952
JI-726,PBS,F,NC,WT,No,7,97817,360.189,345.776,4.001510318,40311,241.219,212.775,11.79177428,57506,4812,83.162,73.674,11.40905702,8.367822488,10.067619,9.4712952
JI-726,PBS,F,NC,WT,No,8,129296,430.128,382.734,11.01858052,48728,266.642,232.681,12.73655313,80568,8933,110.65,102.791,7.102575689,11.08752855,10.067619,9.4712952
JI-726,PBS,F,NC,WT,No,9,170368,579.937,374.04,35.50333916,63150,305.788,262.944,14.01101417,107218,10228,138.707,93.886,32.31343768,9.539443004,10.067619,9.4712952
JI-726,PBS,F,NC,WT,No,10,87271,381.101,291.568,23.4932472,30811,251.68,155.871,38.06778449,56460,6651,97.248,87.08,10.45574202,11.78002125,10.067619,9.4712952
JI-727,HDM,F,NC,WT,No,1,87625,381.981,292.076,23.53651098,29878,209.855,181.276,13.61845084,57747,2175,61.587,44.966,26.98783834,3.766429425,7.7862357,7.7862357
JI-727,HDM,F,NC,WT,No,2,318870,735.216,552.216,24.89064438,80920,363.901,283.128,22.19642155,237950,21717,181.508,152.34,16.0698151,9.126707291,7.7862357,7.7862357
JI-727,HDM,F,NC,WT,No,3,695002,1012.727,873.784,13.71968951,254878,674.519,481.114,28.67302478,440124,30212,201.232,191.158,5.006162042,6.864429115,7.7862357,7.7862357
JI-727,HDM,F,NC,WT,No,4,295284,733.012,512.908,30.02733925,163356,539.354,385.631,28.50131824,131928,8450,112.068,96.003,14.33504658,6.405008793,7.7862357,7.7862357
JI-727,HDM,F,NC,WT,No,5,927301,1655.177,713.323,56.9035215,468962,1235.345,483.347,60.87352116,458339,44610,346.628,163.862,52.72684261,9.732970574,7.7862357,7.7862357
JI-727,HDM,F,NC,WT,No,6,208762,694.18,382.903,44.84096344,74943,396.486,240.665,39.30050494,133819,7512,130.697,73.182,44.00636587,5.613552635,7.7862357,7.7862357
JI-727,HDM,F,NC,WT,No,7,188188,577.803,414.688,28.23020995,66168,352.61,238.926,32.24071921,122020,14256,157.588,115.182,26.90940935,11.6833306,7.7862357,7.7862357
JI-727,HDM,F,NC,WT,No,8,276811,815.674,432.092,47.02638554,122315,614.529,253.424,58.76126269,154496,8739,137.961,80.652,41.54000043,5.656457125,7.7862357,7.7862357
JI-727,HDM,F,NC,WT,No,9,727129,1185.519,780.932,34.12741593,337840,796.871,539.801,32.25992664,389289,34975,243.813,182.647,25.0872595,8.984327839,7.7862357,7.7862357
JI-727,HDM,F,NC,WT,No,10,150326,562.168,340.47,39.43625393,26457,264.141,127.531,51.71858969,123869,12423,154.337,102.487,33.59531415,10.02914369,7.7862357,7.7862357
JI-728,HDM,F,NC,WT,No,1,168049,491.627,435.221,11.47333242,47672,296.667,204.599,31.03412243,120377,14360,140.22,130.393,7.008272714,11.92918913,13.379786,13.167514
JI-728,HDM,F,NC,WT,No,2,298691,687.157,553.448,19.45828974,84048,472.102,226.674,51.98622332,214643,27857,200.808,176.63,12.04035696,12.97829419,13.379786,13.167514
JI-728,HDM,F,NC,WT,No,3,215420,573.584,478.188,16.63156573,110577,385.981,364.762,5.497420858,104843,13969,144.16,123.376,14.4173141,13.32373167,13.379786,13.167514
JI-728,HDM,F,NC,WT,No,4,277941,830.922,425.895,48.74428647,74064,436.221,216.177,50.44323863,203877,26018,253.542,130.657,48.46731508,12.76161607,13.379786,13.167514
JI-728,HDM,F,NC,WT,No,5,291494,655.918,565.835,13.73388137,69380,311.036,284.011,8.688704844,222114,28658,214.38,170.205,20.60593339,12.90238346,13.379786,13.167514
JI-728,HDM,F,NC,WT,No,6,713794,1034.264,878.722,15.03890689,331964,871.418,485.037,44.33934117,381830,63111,298.154,269.51,9.607115786,16.52855983,13.379786,13.167514
JI-728,HDM,F,NC,WT,No,7,296442,686.337,549.936,19.87376464,112351,451.799,316.623,29.9194996,184091,25883,191.033,172.511,9.695707024,14.05989429,13.379786,13.167514
JI-728,HDM,F,NC,WT,No,8,400538,898.333,567.697,36.80550531,117768,598.324,250.612,58.1143327,282770,36698,277.46,168.404,39.30512506,12.97803869,13.379786,13.167514
JI-728,HDM,F,NC,WT,No,9,124670,445.032,356.681,19.85272969,38085,238.816,203.049,14.97680222,86585,11597,132.772,111.211,16.23911668,13.3937749,13.379786,13.167514
JI-728,HDM,F,NC,WT,No,10,103442,435.619,302.343,30.59462512,30936,214.284,183.817,14.21804708,72506,9384,135.405,88.239,34.83327794,12.94237718,13.379786,13.167514
JI-729,PBS,M,HFD,WT,Sham,1,586943,1197.701,623.961,47.90344168,225519,688.173,417.25,39.36844369,361424,49040,368.179,169.59,53.93816595,13.56855106,9.5432786,9.5432786
JI-729,PBS,M,HFD,WT,Sham,2,134934,579.017,296.716,48.7552179,30214,359.913,106.886,70.30226749,104720,13420,182.35,93.704,48.61310666,12.81512605,9.5432786,9.5432786
JI-729,PBS,M,HFD,WT,Sham,3,133536,467.181,363.934,22.09999979,58377,299.411,248.247,17.08821653,75159,7459,107.421,88.41,17.69765688,9.92429383,9.5432786,9.5432786
JI-729,PBS,M,HFD,WT,Sham,4,63382,401.443,201.026,49.92414863,23780,276.53,109.491,60.40538097,39602,3543,85.041,53.046,37.62302889,8.946517853,9.5432786,9.5432786
JI-729,PBS,M,HFD,WT,Sham,5,312904,934.085,426.516,54.33863085,108099,615.678,223.552,63.69011074,204805,15927,201.085,100.847,49.8485715,7.776665609,9.5432786,9.5432786
JI-729,PBS,M,HFD,WT,Sham,6,267577,840.454,405.364,51.76844896,118911,643.689,235.21,63.45906175,148666,10267,163.317,80.043,50.98918055,6.906084781,9.5432786,9.5432786
JI-729,PBS,M,HFD,WT,Sham,7,530876,1215.413,556.134,54.24320786,183060,749.096,311.147,58.46366821,347816,32615,299.482,138.662,53.69938761,9.377084435,9.5432786,9.5432786
JI-729,PBS,M,HFD,WT,Sham,8,164033,538.568,387.793,27.99553631,65543,391.435,213.195,45.53501859,98490,11049,131.751,106.778,18.95469484,11.21839781,9.5432786,9.5432786
JI-729,PBS,M,HFD,WT,Sham,9,222497,627.455,451.493,28.04376409,113139,457.716,314.722,31.24076939,109358,8332,129.259,82.073,36.50500159,7.619012784,9.5432786,9.5432786
JI-729,PBS,M,HFD,WT,Sham,10,233955,619.684,480.698,22.42852809,142004,492.274,367.286,25.38992512,91951,6695,99.791,85.422,14.39909411,7.281051865,9.5432786,9.5432786
JI-730,HDM,M,HFD,KO,No,1,235168,776.599,385.56,50.35275606,97872,522.247,238.612,54.31050825,137296,14840,179.701,105.146,41.48836122,10.80876355,16.063599,16.063599
JI-730,HDM,M,HFD,KO,No,2,483057,955.694,643.561,32.66034944,135347,566.187,304.368,46.24249585,347710,43782,274.084,203.387,25.79391719,12.59152742,16.063599,16.063599
JI-730,HDM,M,HFD,KO,No,3,869912,1558.956,710.48,54.42591067,297039,961.593,393.308,59.09828795,572873,118419,560.778,268.869,52.05428886,20.67107369,16.063599,16.063599
JI-730,HDM,M,HFD,KO,No,4,145663,544.192,340.806,37.37394155,51871,316.851,208.439,34.21545143,93792,11985,146.966,103.832,29.3496455,12.77827533,16.063599,16.063599
JI-730,HDM,M,HFD,KO,No,5,232330,599.245,493.641,17.62284208,78406,355.039,281.179,20.80334836,153924,27584,202.883,173.11,14.67496045,17.92053221,16.063599,16.063599
JI-730,HDM,M,HFD,KO,No,6,196460,515.278,485.448,5.789108015,56223,295.714,242.077,18.13813347,140237,28429,195.61,185.046,5.400541895,20.27211078,16.063599,16.063599
JI-730,HDM,M,HFD,KO,No,7,180560,677.524,339.318,49.91793649,65998,454.343,184.951,59.29264895,114562,22213,238.763,118.454,50.38846052,19.38950088,16.063599,16.063599
JI-730,HDM,M,HFD,KO,No,8,123478,514.96,305.3,40.71384185,49492,320.713,196.485,38.7349437,73986,13489,180.812,94.987,47.46642922,18.23182764,16.063599,16.063599
JI-730,HDM,M,HFD,KO,No,9,114768,423.737,344.854,18.61602834,45054,244.689,234.438,4.189399605,69714,8208,121.721,85.858,29.46328078,11.77381875,16.063599,16.063599
JI-730,HDM,M,HFD,KO,No,10,129722,443.762,372.198,16.12666249,34053,230.584,188.034,18.45314506,95669,15497,154.735,127.517,17.59007335,16.19855962,16.063599,16.063599
JI-731,PBS,M,HFD,KO,No,1,447769,1025.139,556.136,45.75018607,256186,803.115,406.151,49.42803957,191583,16483,173.917,120.671,30.61575349,8.603581737,9.8563827,9.2581953
JI-731,PBS,M,HFD,KO,No,2,104983,483.095,276.692,42.72513688,33087,282.201,149.282,47.1008253,71896,10957,142.599,97.833,31.39292702,15.24006899,9.8563827,9.2581953
JI-731,PBS,M,HFD,KO,No,3,652018,1483.414,559.638,62.27364714,348924,1180.195,376.432,68.10425396,303094,29950,284.785,133.903,52.98102077,9.881422925,9.8563827,9.2581953
JI-731,PBS,M,HFD,KO,No,4,462228,870.066,676.416,22.25693223,187508,503.334,474.322,5.763965876,274720,25774,196.738,166.803,15.21566754,9.381916133,9.8563827,9.2581953
JI-731,PBS,M,HFD,KO,No,5,513459,1300.116,502.844,61.32314347,183175,677.868,344.058,49.24410062,330284,26674,285.239,119.066,58.25746129,8.07607998,9.8563827,9.2581953
JI-731,PBS,M,HFD,KO,No,6,161486,576.306,356.773,38.09313108,57695,399.765,183.757,54.03374483,103791,8413,118.194,90.628,23.32267289,8.105712441,9.8563827,9.2581953
JI-731,PBS,M,HFD,KO,No,7,190127,538.646,449.418,16.56523951,63874,335.747,242.226,27.85460481,126253,14689,148.409,126.021,15.08533849,11.63457502,9.8563827,9.2581953
JI-731,PBS,M,HFD,KO,No,8,571106,917.348,792.671,13.59102543,217287,637.413,434.033,31.90709948,353819,32505,230.18,179.801,21.88678426,9.186900647,9.8563827,9.2581953
JI-731,PBS,M,HFD,KO,No,9,593538,1119.073,675.305,39.65496442,296034,787.192,478.818,39.17392453,297504,28404,232.733,155.393,33.23121345,9.547434656,9.8563827,9.2581953
JI-731,PBS,M,HFD,KO,No,10,181997,574.707,403.206,29.84146704,62933,360.385,222.342,38.30431344,119064,10604,129.003,104.66,18.8701038,8.906134516,9.8563827,9.2581953
JI-732,PBS,M,HFD,KO,VSG,1,192347,675.228,362.698,46.28510666,67215,347.686,246.144,29.20508735,125132,4680,101.837,58.513,42.54249438,3.740050507,8.1524861,8.1524861
JI-732,PBS,M,HFD,KO,VSG,2,104329,464.812,285.784,38.51621731,34418,298.568,146.775,50.84034458,69911,7290,120.159,77.247,35.7126807,10.42754359,8.1524861,8.1524861
JI-732,PBS,M,HFD,KO,VSG,3,798607,1756.544,578.874,67.04471963,326231,1028.023,404.048,60.6965992,472376,49081,457.779,136.511,70.17971554,10.39023998,8.1524861,8.1524861
JI-732,PBS,M,HFD,KO,VSG,4,423820,1205.88,447.494,62.89066905,153233,744.316,262.123,64.78337158,270587,26390,281.551,119.342,57.61265277,9.752870611,8.1524861,8.1524861
JI-732,PBS,M,HFD,KO,VSG,5,108639,448.593,308.35,31.26285965,47474,306.328,197.323,35.58440626,61165,6453,106.6,77.075,27.69699812,10.55015123,8.1524861,8.1524861
JI-732,PBS,M,HFD,KO,VSG,6,101848,444.937,291.45,34.49634443,34431,254.604,172.185,32.37144742,67417,5023,95.791,66.765,30.30138531,7.450643013,8.1524861,8.1524861
JI-732,PBS,M,HFD,KO,VSG,7,346361,1072.99,411.001,61.69572876,144972,757.509,243.672,67.8324614,201389,14458,199.061,92.477,53.5433862,7.179140867,8.1524861,8.1524861
JI-732,PBS,M,HFD,KO,VSG,8,154578,603.974,325.867,46.04618742,65028,400.738,206.609,48.4428729,89550,5131,96.526,67.681,29.88314029,5.729759911,8.1524861,8.1524861
JI-732,PBS,M,HFD,KO,VSG,9,157647,574.765,349.225,39.2403852,54282,365.37,189.162,48.22727646,103365,5450,104.744,66.249,36.75150844,5.272577758,8.1524861,8.1524861
JI-732,PBS,M,HFD,KO,VSG,10,254650,709.901,456.726,35.66342349,99681,449.978,282.053,37.31849113,154969,17096,173.514,125.45,27.70035847,11.0318838,8.1524861,8.1524861
JI-733,HDM,M,HFD,KO,Sham,1,166763,480.732,441.679,8.123653096,81535,334.793,310.083,7.380680002,85228,8486,105.409,102.503,2.756880342,9.956821702,10.223214,9.4868127
JI-733,HDM,M,HFD,KO,Sham,2,174129,504.973,439.049,13.05495541,86624,380.051,290.206,23.64024828,87505,8833,114.916,97.867,14.83605416,10.09428033,10.223214,9.4868127
JI-733,HDM,M,HFD,KO,Sham,3,279752,740.595,480.953,35.05856777,147165,586.564,319.447,45.53927619,132587,22342,204.26,139.268,31.81827083,16.85082248,10.223214,9.4868127
JI-733,HDM,M,HFD,KO,Sham,4,148474,481.887,392.297,18.59149552,78666,365.831,273.789,25.15970489,69808,6470,96.574,85.301,11.67291403,9.268278707,10.223214,9.4868127
JI-733,HDM,M,HFD,KO,Sham,5,181873,609.725,379.791,37.71109927,81794,442.501,235.352,46.81322754,100079,6221,110.578,71.631,35.22129176,6.216089289,10.223214,9.4868127
JI-733,HDM,M,HFD,KO,Sham,6,309807,778.006,507.012,34.83186505,154453,558.871,351.881,37.03716958,155354,16583,172.015,122.746,28.64226957,10.67433088,10.223214,9.4868127
JI-733,HDM,M,HFD,KO,Sham,7,270189,664.062,518.047,21.98815773,121463,463.847,333.41,28.12069497,148726,19365,177.288,139.074,21.55475836,13.0205882,10.223214,9.4868127
JI-733,HDM,M,HFD,KO,Sham,8,258834,673.218,489.526,27.28566378,107306,484.77,281.837,41.86170761,151528,15091,153.239,125.389,18.17422458,9.959215459,10.223214,9.4868127
JI-733,HDM,M,HFD,KO,Sham,9,138845,476.508,370.996,22.14275521,60589,335.223,230.129,31.35047416,78256,6571,102.446,81.667,20.28288074,8.396800245,10.223214,9.4868127
JI-733,HDM,M,HFD,KO,Sham,10,109293,411.125,338.477,17.67053816,46316,269.912,218.483,19.05398797,62977,4909,86.228,72.486,15.93681867,7.794909253,10.223214,9.4868127
JI-734,HDM,M,HFD,WT,Sham,1,134906,437.924,392.232,10.4337739,62039,291.753,270.745,7.200611476,72867,7154,108.433,84.004,22.52911936,9.817887384,8.571216,8.571216
JI-734,HDM,M,HFD,WT,Sham,2,174922,511.587,435.346,14.90284155,76269,335.47,289.471,13.71180732,98653,7807,110.787,89.724,19.01215847,7.91359614,8.571216,8.571216
JI-734,HDM,M,HFD,WT,Sham,3,109904,407.998,342.977,15.93659773,38173,259.423,187.352,27.78126843,71731,7404,102.94,91.578,11.03749757,10.32189709,8.571216,8.571216
JI-734,HDM,M,HFD,WT,Sham,4,203839,668.446,388.267,41.91497892,83269,415.897,254.922,38.70549679,120570,7203,119.389,76.824,35.65236328,5.974122916,8.571216,8.571216
JI-734,HDM,M,HFD,WT,Sham,5,250687,744.171,428.913,42.36365029,97632,487.421,255.034,47.6768543,153055,10552,144.124,93.22,35.31958591,6.8942537,8.571216,8.571216
JI-734,HDM,M,HFD,WT,Sham,6,202735,641.703,402.258,37.31399105,111069,495.198,285.578,42.33054253,91666,5519,94.89,74.055,21.95700285,6.02077106,8.571216,8.571216
JI-734,HDM,M,HFD,WT,Sham,7,258917,646.225,510.137,21.05891911,92645,424.437,277.92,34.5203175,166272,18796,181.949,131.53,27.71051229,11.30436875,8.571216,8.571216
JI-734,HDM,M,HFD,WT,Sham,8,178630,547.26,415.596,24.05876549,67562,367.637,233.988,36.35352263,111068,10541,122.206,109.824,10.13207208,9.490582346,8.571216,8.571216
JI-734,HDM,M,HFD,WT,Sham,9,226959,615.368,469.594,23.6889146,120229,459.388,333.227,27.46284187,106730,8312,116.014,91.223,21.36897271,7.787875949,8.571216,8.571216
JI-734,HDM,M,HFD,WT,Sham,10,229048,723.29,403.204,44.25417191,84940,472.306,228.981,51.51850707,144108,14680,166.987,111.932,32.96963237,10.18680434,8.571216,8.571216
JI-735,HDM,F,HFD,KO,Sham,1,320430,733.036,556.567,24.07371534,100499,403.06,317.469,21.23529996,219931,26868,204.796,167.041,18.43541866,12.21655883,12.854793,13.458856
JI-735,HDM,F,HFD,KO,Sham,2,259604,876.362,377.171,56.96173499,89769,551.881,207.105,62.47288818,169835,21443,232.317,117.521,49.41351688,12.62578385,12.854793,13.458856
JI-735,HDM,F,HFD,KO,Sham,3,218333,627.875,442.747,29.48484969,97614,492.219,252.501,48.70149263,120719,16967,170.568,126.654,25.74574363,14.05495407,12.854793,13.458856
JI-735,HDM,F,HFD,KO,Sham,4,59891,314.801,242.234,23.05170568,25195,211.266,151.843,28.12710043,34696,2068,59.036,44.601,24.45118233,5.96034125,12.854793,13.458856
JI-735,HDM,F,HFD,KO,Sham,5,154076,510.953,383.941,24.85786364,60523,336.397,229.075,31.90337607,93553,19698,179.969,139.359,22.56499731,21.05544451,12.854793,13.458856
JI-735,HDM,F,HFD,KO,Sham,6,245226,816.466,382.418,53.16179731,105074,621.372,215.305,65.35006405,140152,20789,228.285,115.949,49.20866461,14.83318112,12.854793,13.458856
JI-735,HDM,F,HFD,KO,Sham,7,67795,332.505,259.603,21.92508383,33281,233.654,181.356,22.38266839,34514,4871,92.454,67.082,27.44283644,14.11311352,12.854793,13.458856
JI-735,HDM,F,HFD,KO,Sham,8,139457,463.192,383.345,17.23842381,53063,264.846,255.098,3.680629498,86394,11710,143.489,103.908,27.5846929,13.554182,12.854793,13.458856
JI-735,HDM,F,HFD,KO,Sham,9,86670,375.992,293.495,21.94115832,36585,259.468,179.527,30.8095796,50085,6418,102.149,79.998,21.68498957,12.81421583,12.854793,13.458856
JI-735,HDM,F,HFD,KO,Sham,10,305690,1005.79,386.976,61.52516927,111500,595.576,238.368,59.97689632,194190,14215,200.755,90.155,55.0920276,7.320150368,12.854793,13.458856
JI-736,HDM,M,HFD,WT,No,1,797294,1469.917,690.615,53.01673496,290869,977.193,378.99,61.21646389,506425,56917,398.68,181.772,54.40654159,11.23897912,10.799089,10.264225
JI-736,HDM,M,HFD,WT,No,2,625132,1180.198,674.415,42.85577505,222972,746.753,380.175,49.08959187,402160,50381,331.383,193.574,41.5860198,12.52760095,10.799089,10.264225
JI-736,HDM,M,HFD,WT,No,3,121991,455.547,340.961,25.15349679,58996,326.159,230.305,29.38873372,62995,6126,103.687,75.225,27.4499214,9.724581316,10.799089,10.264225
JI-736,HDM,M,HFD,WT,No,4,203013,629.944,410.329,34.86262271,105289,491.781,272.597,44.56943233,97724,9227,126.25,93.055,26.29306931,9.441897589,10.799089,10.264225
JI-736,HDM,M,HFD,WT,No,5,666858,1396.455,608.018,56.45989309,384910,1102.151,444.66,59.65525595,281948,26513,258.163,130.76,49.34982937,9.40350703,10.799089,10.264225
JI-736,HDM,M,HFD,WT,No,6,243472,590.064,525.364,10.96491228,53129,341.545,198.059,42.0108624,190343,29718,202.154,187.175,7.409697557,15.6128673,10.799089,10.264225
JI-736,HDM,M,HFD,WT,No,7,142179,541.599,334.247,38.28515193,55008,325.152,215.402,33.75344454,87171,9419,141.189,84.94,39.83950591,10.80519898,10.799089,10.264225
JI-736,HDM,M,HFD,WT,No,8,210098,636.595,420.212,33.99068482,58652,314.428,237.504,24.46474233,151446,11403,142.604,101.812,28.60508822,7.529416426,10.799089,10.264225
JI-736,HDM,M,HFD,WT,No,9,507711,874.483,739.223,15.46742475,253032,638.452,504.612,20.96320475,254679,28937,207.839,177.27,14.70801919,11.36214607,10.799089,10.264225
JI-736,HDM,M,HFD,WT,No,10,103085,377.671,347.529,7.981020518,24175,200.206,153.744,23.20709669,78910,8163,105.045,98.943,5.808939026,10.34469649,10.799089,10.264225
JI-737,PBS,M,HFD,WT,No,1,1373248,1430.762,1222.058,14.58691243,760642,1018.511,950.878,6.640379927,612606,74228,322.416,293.131,9.082985956,12.1167602,10.994381,10.994381
JI-737,PBS,M,HFD,WT,No,2,802841,1990.719,513.487,74.20595272,269103,967.44,354.164,63.39163152,533738,56204,498.159,143.651,71.16362447,10.53026017,10.994381,10.994381
JI-737,PBS,M,HFD,WT,No,3,221584,732.666,385.072,47.44235436,102125,524.85,247.746,52.79679909,119459,15517,181.103,109.092,39.76245562,12.98939385,10.994381,10.994381
JI-737,PBS,M,HFD,WT,No,4,219587,748.338,373.61,50.07469887,80046,473.301,215.334,54.50379357,139541,14701,182.274,102.691,43.66119139,10.53525487,10.994381,10.994381
JI-737,PBS,M,HFD,WT,No,5,828063,1729.023,609.779,64.73274213,486032,1316.655,470.006,64.30302547,342031,33432,338.046,125.921,62.75033575,9.774552599,10.994381,10.994381
JI-737,PBS,M,HFD,WT,No,6,217345,721.575,383.512,46.85070852,97396,519.382,238.762,54.02959671,119949,11498,156.816,93.356,40.46780941,9.585740606,10.994381,10.994381
JI-737,PBS,M,HFD,WT,No,7,78092,340.152,292.31,14.06488864,27910,219.059,162.222,25.94597802,50182,5535,85.978,81.967,4.665146898,11.02985134,10.994381,10.994381
JI-737,PBS,M,HFD,WT,No,8,104057,381.328,347.443,8.886050854,34657,218.515,201.939,7.585749262,69400,8511,108.506,99.87,7.959006875,12.26368876,10.994381,10.994381
JI-737,PBS,M,HFD,WT,No,9,224217,739.856,385.862,47.84633767,85821,527.614,207.103,60.74725083,138396,15876,190.878,105.9,44.51953604,11.47142981,10.994381,10.994381
JI-737,PBS,M,HFD,WT,No,10,781880,1389.811,716.299,48.46068998,343189,875.86,498.895,43.03941269,438691,42320,297.421,181.169,39.08668184,9.64688129,10.994381,10.994381
JI-738,HDM,F,HFD,KO,VSG,1,96766,388.98,316.742,18.57113476,38724,251.762,195.84,22.21224808,58042,9736,122.077,101.545,16.81889299,16.77406016,14.044565,14.892943
JI-738,HDM,F,HFD,KO,VSG,2,473234,1025.543,587.533,42.71005701,178312,697.301,325.59,53.30710841,294922,42911,292.312,186.91,36.05804757,14.5499488,14.044565,14.892943
JI-738,HDM,F,HFD,KO,VSG,3,358301,810.999,562.52,30.63863211,112736,514.125,279.193,45.69550207,245565,39320,256.562,195.133,23.94314045,16.01205384,14.044565,14.892943
JI-738,HDM,F,HFD,KO,VSG,4,1339234,1980.195,861.11,56.51387868,593601,1261.661,599.049,52.51902056,745633,115023,610.687,239.815,60.73029228,15.42622175,14.044565,14.892943
JI-738,HDM,F,HFD,KO,VSG,5,511142,1185.925,548.775,53.72599448,129764,506.011,326.516,35.47254902,381378,50213,395.471,161.663,59.12140207,13.16620256,14.044565,14.892943
JI-738,HDM,F,HFD,KO,VSG,6,224432,745.626,383.243,48.60117539,78126,425.349,233.862,45.01879633,146306,9377,150.858,79.142,47.53874505,6.409169822,14.044565,14.892943
JI-738,HDM,F,HFD,KO,VSG,7,336706,804.14,533.125,33.70246474,122960,478.359,327.281,31.5825562,213746,37613,269.271,177.852,33.95055539,17.59705445,14.044565,14.892943
JI-738,HDM,F,HFD,KO,VSG,8,358568,867.253,526.424,39.29983523,182988,630.499,369.529,41.3910252,175580,26417,222.337,151.28,31.9591431,15.04556328,14.044565,14.892943
JI-738,HDM,F,HFD,KO,VSG,9,125055,569.592,279.542,50.92241464,41766,319.175,166.611,47.79948304,83289,9420,153.006,78.389,48.7673686,11.31001693,14.044565,14.892943
JI-738,HDM,F,HFD,KO,VSG,10,172706,681.554,322.639,52.66127115,54673,412.984,168.558,59.18534374,118033,16708,203.746,104.411,48.75433137,14.15536333,14.044565,14.892943
JI-739,PBS,M,HFD,WT,VSG,1,286866,859.233,425.087,50.5271562,164746,641.847,326.809,49.08303692,122120,11129,153.017,92.603,39.48188763,9.113167376,11.341865,11.341865
JI-739,PBS,M,HFD,WT,VSG,2,183219,575.908,405.067,29.66463393,59046,352.787,213.102,39.59471296,124173,10437,136.039,97.684,28.1941208,8.405208862,11.341865,11.341865
JI-739,PBS,M,HFD,WT,VSG,3,234397,632.199,472.072,25.32857534,77954,374.24,265.215,29.13237495,156443,16823,173.185,123.681,28.5844617,10.75343735,11.341865,11.341865
JI-739,PBS,M,HFD,WT,VSG,4,156478,502.626,396.386,21.13698854,69237,366.039,240.836,34.20482517,87241,8267,111.969,94.007,16.04194018,9.476049105,11.341865,11.341865
JI-739,PBS,M,HFD,WT,VSG,5,251126,664.82,480.947,27.65756145,79176,431.938,233.39,45.96678227,171950,25156,224.228,142.844,36.29519953,14.62983425,11.341865,11.341865
JI-739,PBS,M,HFD,WT,VSG,6,139278,515.8,343.804,33.34548275,38240,272.558,178.636,34.4594545,101038,9407,137.978,86.806,37.08707185,9.310358479,11.341865,11.341865
JI-739,PBS,M,HFD,WT,VSG,7,117588,546.892,273.761,49.94240179,29489,331.265,113.343,65.78479465,88099,10064,148.465,86.309,41.86575961,11.42351219,11.341865,11.341865
JI-739,PBS,M,HFD,WT,VSG,8,232338,570.954,518.119,9.253810289,91284,410.205,283.337,30.92795066,141054,19033,163.944,147.816,9.83750549,13.49341387,11.341865,11.341865
JI-739,PBS,M,HFD,WT,VSG,9,203253,621.856,416.157,33.07823676,68144,430.773,201.414,53.24358769,135109,18146,170.476,135.528,20.50024637,13.43063749,11.341865,11.341865
JI-739,PBS,M,HFD,WT,VSG,10,274764,712.03,491.328,30.99616589,119037,525.84,288.229,45.18693899,155727,20841,186.115,142.577,23.39306343,13.3830357,11.341865,11.341865
JI-740,HDM,M,NC,WT,No,1,145546,507.294,365.301,27.99027783,49245,290.877,215.557,25.89410644,96301,10559,135.957,98.886,27.26670933,10.96457981,11.157516,11.157516
JI-740,HDM,M,NC,WT,No,2,166339,533.261,397.159,25.5225865,53474,334.2,203.726,39.0406942,112865,5307,91.131,74.147,18.63690731,4.702077703,11.157516,11.157516
JI-740,HDM,M,NC,WT,No,3,194553,689.991,364.288,47.20394904,58473,426.516,174.554,59.07445442,136080,11693,156.79,94.955,39.43810192,8.592739565,11.157516,11.157516
JI-740,HDM,M,NC,WT,No,4,195054,667.513,372.054,44.26265855,54030,380.347,180.869,52.44631876,141024,11432,140.583,103.538,26.35098127,8.106421602,11.157516,11.157516
JI-740,HDM,M,NC,WT,No,5,248867,586.615,540.162,7.918822396,52785,289.479,232.169,19.79763644,196082,29664,210.865,179.116,15.05655277,15.12836466,11.157516,11.157516
JI-740,HDM,M,NC,WT,No,6,203865,717.849,361.593,49.62826444,53611,431.29,158.269,63.30334578,150254,18294,201.23,115.751,42.47825871,12.17538302,11.157516,11.157516
JI-740,HDM,M,NC,WT,No,7,164956,487.179,431.112,11.50850098,56059,316.237,225.706,28.62757995,108897,12149,134.659,114.872,14.69415338,11.15641386,11.157516,11.157516
JI-740,HDM,M,NC,WT,No,8,377017,884.509,542.711,38.64268199,149004,549.337,345.358,37.13185167,228013,34438,273.235,160.476,41.26813915,15.1035248,11.157516,11.157516
JI-740,HDM,M,NC,WT,No,9,343212,906.647,481.986,46.83862628,66963,488.774,174.436,64.3115223,276249,34056,276.881,156.607,43.43887807,12.32800843,11.157516,11.157516
JI-740,HDM,M,NC,WT,No,10,227362,561.119,515.909,8.057114445,73093,327.024,284.581,12.97855815,154269,20545,179.629,145.626,18.92957151,13.31764645,11.157516,11.157516
JI-741,HDM,M,NC,WT,No,1,169517,516.404,417.959,19.06356264,77366,364.368,270.346,25.80413209,92151,11231,131.923,108.395,17.83464597,12.18760513,14.121485,14.121485
JI-741,HDM,M,NC,WT,No,2,54418,272.479,254.284,6.677578823,8060,105.771,97.024,8.269752579,46358,5895,91.539,81.995,10.42615716,12.71625178,14.121485,14.121485
JI-741,HDM,M,NC,WT,No,3,287211,820.054,445.932,45.6216298,98969,547.375,230.21,57.94290934,188242,32811,262.883,158.916,39.54877265,17.4302228,14.121485,14.121485
JI-741,HDM,M,NC,WT,No,4,484431,1150.774,535.984,53.4240433,118199,680.737,221.078,67.52372796,366232,68751,421.136,207.858,50.64349759,18.7725267,14.121485,14.121485
JI-741,HDM,M,NC,WT,No,5,168166,575.913,371.785,35.44424245,48927,267.528,232.857,12.95976496,119239,15997,181.184,112.416,37.95478629,13.41591258,14.121485,14.121485
JI-741,HDM,M,NC,WT,No,6,130583,477.204,348.412,26.98887687,43065,320.029,171.335,46.46266432,87518,13812,152.359,115.424,24.24208613,15.7818963,14.121485,14.121485
JI-741,HDM,M,NC,WT,No,7,272167,734.131,472.033,35.70180254,82657,464.174,226.73,51.15409308,189510,29338,234.178,159.513,31.88386612,15.48097726,14.121485,14.121485
JI-741,HDM,M,NC,WT,No,8,206421,662.931,396.456,40.19649104,68217,361.748,240.102,33.62727645,138204,19770,205.009,122.784,40.10799526,14.30494052,14.121485,14.121485
JI-741,HDM,M,NC,WT,No,9,447978,1259.623,452.821,64.05106925,215209,823.288,332.827,59.5734421,232769,24534,279.243,111.866,59.93955086,10.54006332,14.121485,14.121485
JI-741,HDM,M,NC,WT,No,10,159384,595.445,340.811,42.76364736,30119,253.95,151.009,40.53593227,129265,13682,160.806,108.332,32.63186697,10.58445828,14.121485,14.121485
JI-742,HDM,M,NC,WT,No,1,63764,287.348,282.539,1.673580467,13394,133.189,128.042,3.864433249,50370,6516,94.359,87.924,6.819699234,12.93627159,13.878139,13.878139
JI-742,HDM,M,NC,WT,No,2,514225,1384.505,472.899,65.8434603,181939,887.836,260.917,70.61202745,332286,49370,401.833,156.433,61.07014606,14.85768284,13.878139,13.878139
JI-742,HDM,M,NC,WT,No,3,255953,711.24,458.199,35.57744221,88920,373.631,303.016,18.89966304,167033,19904,186.929,135.573,27.47353273,11.91620817,13.878139,13.878139
JI-742,HDM,M,NC,WT,No,4,40816,257.868,201.532,21.84683637,5224,115.483,57.596,50.12599257,35592,4937,86.733,72.475,16.43895634,13.87109463,13.878139,13.878139
JI-742,HDM,M,NC,WT,No,5,230476,766.232,382.98,50.01774919,54561,365.476,190.079,47.99138658,175915,27823,267.308,132.527,50.42161103,15.81616121,13.878139,13.878139
JI-742,HDM,M,NC,WT,No,6,391676,925.54,538.818,41.78339132,132305,610.54,275.913,54.80836636,259371,36156,266.484,172.751,35.17396917,13.93987763,13.878139,13.878139
JI-742,HDM,M,NC,WT,No,7,407743,855.357,606.945,29.04190882,160087,551.131,369.838,32.89472013,247656,34922,256.645,173.251,32.49391182,14.10101108,13.878139,13.878139
JI-742,HDM,M,NC,WT,No,8,564171,1092.735,657.364,39.84232225,274322,838.403,416.599,50.31041158,289849,39770,253.634,199.645,21.28618403,13.72093745,13.878139,13.878139
JI-742,HDM,M,NC,WT,No,9,302796,809.594,476.204,41.17990005,143839,597.243,306.645,48.65657697,158957,23309,225.231,131.767,41.49695202,14.66371409,13.878139,13.878139
JI-742,HDM,M,NC,WT,No,10,194531,610.517,405.696,33.54877915,80474,384.755,266.306,30.78556484,114057,14780,174.104,108.088,37.91756651,12.95843306,13.878139,13.878139
JI-743,PBS,M,NC,WT,No,1,165656,512.014,411.941,19.54497338,72632,354.348,260.98,26.3492386,93024,7786,104.345,95.007,8.94915904,8.369883041,8.5054338,8.5054338
JI-743,PBS,M,NC,WT,No,2,696315,1244.206,712.563,42.72949978,337931,897.154,479.591,46.54306841,358384,30365,243.851,158.547,34.98201771,8.47275548,8.5054338,8.5054338
JI-743,PBS,M,NC,WT,No,3,166014,536.84,393.74,26.65598689,76751,325.222,300.479,7.608033897,89263,7307,101.639,91.535,9.941065929,8.185922499,8.5054338,8.5054338
JI-743,PBS,M,NC,WT,No,4,101595,384.582,336.352,12.54088855,53614,290.026,235.37,18.84520698,47981,4851,86.867,71.103,18.14728263,10.11025197,8.5054338,8.5054338
JI-743,PBS,M,NC,WT,No,5,109258,390.142,356.566,8.606097267,48562,264.632,233.649,11.70795671,60696,5488,84.109,83.077,1.226979277,9.041781996,8.5054338,8.5054338
JI-743,PBS,M,NC,WT,No,6,137916,482.477,363.955,24.56531607,47863,289.186,210.733,27.12890666,90053,6737,97.652,87.841,10.04690124,7.481149989,8.5054338,8.5054338
JI-743,PBS,M,NC,WT,No,7,183313,503.619,463.448,7.976466337,107340,402.984,339.144,15.84182002,75973,6487,97.793,84.459,13.63492274,8.538559751,8.5054338,8.5054338
JI-743,PBS,M,NC,WT,No,8,139811,464.939,382.874,17.65070257,35716,219.398,207.272,5.526941905,104095,8624,128.493,85.455,33.4944316,8.284739901,8.5054338,8.5054338
JI-743,PBS,M,NC,WT,No,9,576618,1371.233,499.019,63.60800827,296490,911.326,414.235,54.54590344,280128,17375,259.44,85.27,67.13305581,6.202521704,8.5054338,8.5054338
JI-743,PBS,M,NC,WT,No,10,240722,671.276,456.588,31.98207593,111241,475.402,297.93,37.33093256,129481,13423,156.021,109.541,29.79086149,10.36677196,8.5054338,8.5054338
JI-744,PBS,M,NC,WT,No,1,197224,608.898,412.407,32.26993684,119896,480.436,317.745,33.86319926,77328,6897,102.439,85.724,16.31702769,8.919149597,10.157023,10.157023
JI-744,PBS,M,NC,WT,No,2,1136445,1438.115,1006.155,30.03654089,490293,955.508,653.328,31.62506227,646152,60958,334.011,232.37,30.43043493,9.434003145,10.157023,10.157023
JI-744,PBS,M,NC,WT,No,3,150646,534.836,358.63,32.94580021,60092,313.899,243.745,22.34922698,90554,7860,120.966,82.731,31.60805516,8.679903704,10.157023,10.157023
JI-744,PBS,M,NC,WT,No,4,129111,463.211,354.891,23.38459147,50857,283.01,228.801,19.15444684,78254,9438,137.709,87.263,36.63231888,12.06072533,10.157023,10.157023
JI-744,PBS,M,NC,WT,No,5,1814767,1884.271,1226.274,34.92050772,1110508,1548.028,913.383,40.99699747,704259,68507,363.93,239.677,34.14200533,9.727529219,10.157023,10.157023
JI-744,PBS,M,NC,WT,No,6,291406,721.947,513.929,28.81347246,140724,546.161,328.064,39.93273046,150682,14935,157.049,121.082,22.90176951,9.911601917,10.157023,10.157023
JI-744,PBS,M,NC,WT,No,7,429727,857.793,637.853,25.64021856,218581,581.708,478.429,17.75444037,211146,24632,198.868,157.705,20.69865438,11.66586154,10.157023,10.157023
JI-744,PBS,M,NC,WT,No,8,266792,671.279,506.034,24.61644115,146013,503.74,369.058,26.73641164,120779,10413,124.035,106.891,13.82190511,8.621531889,10.157023,10.157023
JI-744,PBS,M,NC,WT,No,9,303899,725.608,533.258,26.50880365,141146,495.553,362.651,26.81892754,162753,17629,176.22,127.375,27.71819317,10.83175118,10.157023,10.157023
JI-744,PBS,M,NC,WT,No,10,353077,990.443,453.889,54.17313263,191516,789.387,308.905,60.86773661,161561,18932,216.982,111.092,48.80128306,11.71817456,10.157023,10.157023
JI-745,PBS,F,HFD,KO,Sham,1,82195,358.35,292.044,18.50313939,25524,216.446,150.144,30.63212071,56671,5508,109.099,64.281,41.08011989,9.719256763,13.17401,11.151737
JI-745,PBS,F,HFD,KO,Sham,2,695753,1522.599,581.808,61.78849454,424943,1259.835,429.464,65.91109153,270810,25752,275.621,118.962,56.83855729,9.509250028,13.17401,11.151737
JI-745,PBS,F,HFD,KO,Sham,3,867604,1677.465,658.534,60.74231057,379495,1210.6,399.131,67.03031555,488109,49571,381.267,165.542,56.5810836,10.15572341,13.17401,11.151737
JI-745,PBS,F,HFD,KO,Sham,4,173192,541.429,407.283,24.77628646,71808,384.87,237.558,38.27578143,101384,12829,148.972,109.647,26.39757807,12.65387043,13.17401,11.151737
JI-745,PBS,F,HFD,KO,Sham,5,1603303,2040.507,1000.432,50.97140074,1026153,1639.395,796.964,51.38670058,577150,69548,424.447,208.627,50.84733783,12.0502469,13.17401,11.151737
JI-745,PBS,F,HFD,KO,Sham,6,140667,535.402,334.52,37.5198449,61458,398.077,196.572,50.61960375,79209,14476,169.945,108.455,36.18229427,18.27570099,13.17401,11.151737
JI-745,PBS,F,HFD,KO,Sham,7,144546,487.18,377.77,22.45781847,55653,316.572,223.834,29.29444171,88893,21557,181.798,150.976,16.95398189,24.25050341,13.17401,11.151737
JI-745,PBS,F,HFD,KO,Sham,8,171480,634.536,344.087,45.77344705,71949,491.667,186.322,62.10402569,99531,10920,143.492,96.896,32.47289047,10.97145613,13.17401,11.151737
JI-745,PBS,F,HFD,KO,Sham,9,219205,768.45,363.199,52.7361572,104942,645.45,207.013,67.92733752,114263,12239,170.854,91.208,46.61640933,10.71125386,13.17401,11.151737
JI-745,PBS,F,HFD,KO,Sham,10,156722,566.947,351.963,37.9195939,60961,423.29,183.368,56.68029011,95761,12873,156.031,105.046,32.67619896,13.44284208,13.17401,11.151737
JI-746,PBS,M,HFD,KO,Sham,1,95654,456.243,266.942,41.49126672,32942,301.741,139.004,53.93267736,62712,5543,111.232,63.449,42.95796174,8.838818727,9.0375213,8.5715667
JI-746,PBS,M,HFD,KO,Sham,2,208268,667.61,397.201,40.50403679,114026,513.82,282.555,45.00895255,94242,7979,128.342,79.157,38.32338595,8.466501135,9.0375213,8.5715667
JI-746,PBS,M,HFD,KO,Sham,3,101157,474.93,271.192,42.89853242,34321,291.065,150.134,48.41908165,66836,4841,94.826,65.001,31.45234429,7.24310252,9.0375213,8.5715667
JI-746,PBS,M,HFD,KO,Sham,4,229814,662.482,441.685,33.32875459,121295,541.048,285.441,47.24294332,108519,7979,125.131,81.188,35.11759676,7.352629493,9.0375213,8.5715667
JI-746,PBS,M,HFD,KO,Sham,5,211613,552.199,487.929,11.63892003,120192,410.293,372.985,9.093014017,91421,8416,110.456,97.012,12.17136235,9.205762352,9.0375213,8.5715667
JI-746,PBS,M,HFD,KO,Sham,6,169649,504.028,428.555,14.9739697,83432,366.178,290.102,20.77568833,86217,8239,110.316,95.092,13.80035534,9.556120023,9.0375213,8.5715667
JI-746,PBS,M,HFD,KO,Sham,7,546087,1485.447,468.074,68.48935034,272021,1186.762,291.843,75.40846438,274066,24445,256.652,121.27,52.74924801,8.919384382,9.0375213,8.5715667
JI-746,PBS,M,HFD,KO,Sham,8,298402,665.255,571.115,14.15096467,163334,485.685,428.185,11.83894911,135068,17871,157.492,144.477,8.263911818,13.23111322,9.0375213,8.5715667
JI-746,PBS,M,HFD,KO,Sham,9,96070,394.274,310.242,21.31309698,35161,237.95,188.142,20.9321286,60909,4625,95.057,61.95,34.82857654,7.593294915,9.0375213,8.5715667
JI-746,PBS,M,HFD,KO,Sham,10,226558,630.964,457.178,27.5429343,99628,461.143,275.078,40.34865541,126930,12653,146.677,109.835,25.11777579,9.968486567,9.0375213,8.5715667
JI-747,HDM,M,NC,KO,No,1,347429,1167.86,378.779,67.56640351,159856,782.273,260.184,66.73999997,187573,15825,230.184,87.534,61.9721614,8.436715306,10.79584,10.79584
JI-747,HDM,M,NC,KO,No,2,1749707,1945.179,1145.291,41.12156259,984359,1401.359,894.364,36.17880928,765348,94835,438.746,275.211,37.27327429,12.39109529,10.79584,10.79584
JI-747,HDM,M,NC,KO,No,3,486448,954.174,649.111,31.9714224,231945,646.512,456.792,29.34516297,254503,34867,266.228,166.752,37.36496537,13.70003497,10.79584,10.79584
JI-747,HDM,M,NC,KO,No,4,232278,578.577,511.16,11.65220878,119826,439.984,346.756,21.18895233,112452,16292,157.799,131.456,16.69402214,14.48795931,10.79584,10.79584
JI-747,HDM,M,NC,KO,No,5,971352,1602.675,771.687,51.85006318,593765,1339.61,564.347,57.87229119,377587,45107,308.83,185.967,39.78337597,11.94612103,10.79584,10.79584
JI-747,HDM,M,NC,KO,No,6,266030,626.082,541.015,13.58719784,129794,473.344,349.131,26.24159174,136236,15390,144.318,135.777,5.918180684,11.29657359,10.79584,10.79584
JI-747,HDM,M,NC,KO,No,7,281961,824.51,435.415,47.19105893,88221,396.533,283.272,28.56281823,193740,17165,174.686,125.111,28.37949235,8.859812119,10.79584,10.79584
JI-747,HDM,M,NC,KO,No,8,91168,371.662,312.323,15.96585069,41318,253.754,207.318,18.29961301,49850,3755,74.723,63.983,14.37308459,7.532597793,10.79584,10.79584
JI-747,HDM,M,NC,KO,No,9,205298,631.43,413.971,34.43913023,100289,481.971,264.937,45.03051013,105009,8938,121.256,93.853,22.59929406,8.511651382,10.79584,10.79584
JI-747,HDM,M,NC,KO,No,10,,,,,,,,,,,,,,,,
JI-748,HDM,M,NC,KO,No,1,492966,1150.075,545.759,52.54579049,168479,790.4,271.4,65.66295547,324487,22534,234.675,122.259,47.90284436,6.944500088,9.1605957,9.1605957
JI-748,HDM,M,NC,KO,No,2,424000,1374.036,392.896,71.40569825,181235,1055.399,218.643,79.28338003,242765,18702,276.474,86.128,68.84770358,7.703746421,9.1605957,9.1605957
JI-748,HDM,M,NC,KO,No,3,145797,549.446,337.858,38.50933486,43088,305.023,179.86,41.03395482,102709,4209,83.107,64.484,22.40846138,4.097985571,9.1605957,9.1605957
JI-748,HDM,M,NC,KO,No,4,469868,1068.422,559.942,47.59168194,285200,887.272,409.264,53.87389662,184668,14760,174.245,107.854,38.10209762,7.992722074,9.1605957,9.1605957
JI-748,HDM,M,NC,KO,No,5,216941,597.166,462.548,22.54281054,106165,418.584,322.931,22.85156623,110776,12349,136.303,115.355,15.36870062,11.14772153,9.1605957,9.1605957
JI-748,HDM,M,NC,KO,No,6,106466,409.109,331.346,19.00789276,32654,245.618,169.272,31.0832268,73812,6816,105.259,82.448,21.67130602,9.23427085,9.1605957,9.1605957
JI-748,HDM,M,NC,KO,No,7,428730,989.593,551.617,44.25819504,229035,758.911,384.257,49.36731712,199695,22850,212.523,136.896,35.58532488,11.44244974,9.1605957,9.1605957
JI-748,HDM,M,NC,KO,No,8,205078,581.352,449.149,22.74061154,87821,386.849,289.046,25.28195756,117257,10336,119.439,110.184,7.748725291,8.814825554,9.1605957,9.1605957
JI-748,HDM,M,NC,KO,No,9,196545,579.177,432.077,25.398108,72368,427.315,215.63,49.53839673,124177,10386,127.387,103.809,18.50895303,8.363867705,9.1605957,9.1605957
JI-748,HDM,M,NC,KO,No,10,275811,641.315,547.584,14.61543859,133185,435.628,389.269,10.64187793,142626,22626,189.272,152.206,19.58345661,15.86386774,9.1605957,9.1605957
JI-749,HDM,M,NC,KO,No,1,172323,569.951,384.96,32.4573516,62478,380.965,208.811,45.18892812,109845,11888,147.977,102.288,30.8757442,10.82252265,13.327868,13.327868
JI-749,HDM,M,NC,KO,No,2,670147,1473.679,578.998,60.71071108,359011,1074.682,425.341,60.42168753,311136,39576,334.025,150.856,54.8369134,12.71983956,13.327868,13.327868
JI-749,HDM,M,NC,KO,No,3,152957,494.173,394.094,20.25181465,55833,316.661,224.495,29.10557347,97124,13355,140.524,121.005,13.890154,13.75046333,13.327868,13.327868
JI-749,HDM,M,NC,KO,No,4,133292,442.689,383.368,13.40015225,50426,289.44,221.823,23.36131841,82866,10398,128.155,103.306,19.38980141,12.54796901,13.327868,13.327868
JI-749,HDM,M,NC,KO,No,5,48002,273.746,223.266,18.4404521,8903,122.787,92.32,24.81288736,39099,5498,96.098,72.845,24.19717372,14.06174071,13.327868,13.327868
JI-749,HDM,M,NC,KO,No,6,82227,395.067,265.005,32.92150445,14080,151.407,118.404,21.79753908,68147,8877,130.843,86.382,33.98041928,13.02625207,13.327868,13.327868
JI-749,HDM,M,NC,KO,No,7,316605,739.503,545.115,26.2863031,78815,496.497,202.117,59.29139552,237790,31253,234.579,169.634,27.68576897,13.14310947,13.327868,13.327868
JI-749,HDM,M,NC,KO,No,8,370834,772.59,611.14,20.89724175,118464,422.633,356.889,15.5558132,252370,34242,245.625,177.499,27.73577608,13.56817371,13.327868,13.327868
JI-749,HDM,M,NC,KO,No,9,277508,677.722,521.356,23.07229218,116449,478.569,309.814,35.26241775,161059,23692,202.295,149.117,26.28735263,14.71013728,13.327868,13.327868
JI-749,HDM,M,NC,KO,No,10,1141034,1844.526,787.633,57.29889413,641894,1414.485,577.797,59.1514226,499140,74514,435.801,217.701,50.04577777,14.92847698,13.327868,13.327868
JI-750,PBS,M,NC,KO,No,1,181237,507.332,454.846,10.34549368,71038,327.414,276.251,15.6263935,110199,10798,120.14,114.436,4.74779424,9.798637011,8.9141991,8.9141991
JI-750,PBS,M,NC,KO,No,2,188460,717.353,334.5,53.37023753,66062,461.885,182.107,60.57308637,122398,8245,150.631,71.214,52.72287909,6.73622118,8.9141991,8.9141991
JI-750,PBS,M,NC,KO,No,3,244953,587.698,530.687,9.700730647,114781,395.564,369.457,6.599943372,130172,11970,129.805,117.412,9.54739802,9.19552592,8.9141991,8.9141991
JI-750,PBS,M,NC,KO,No,4,237573,688.7,439.215,36.22549731,122863,507.676,308.137,39.30439887,114710,9814,128.097,97.547,23.84911434,8.555487752,8.9141991,8.9141991
JI-750,PBS,M,NC,KO,No,5,256552,691.907,472.104,31.76770867,139175,527.073,336.202,36.2133898,117377,9030,128.157,89.713,29.99758109,7.693159648,8.9141991,8.9141991
JI-750,PBS,M,NC,KO,No,6,210248,559.278,478.645,14.41733807,110420,409.235,343.546,16.05165736,99828,12679,144.87,111.434,23.08000276,12.70084545,8.9141991,8.9141991
JI-750,PBS,M,NC,KO,No,7,560183,949.596,751.106,20.9025733,229067,588.333,495.735,15.73904574,331116,31231,228.415,174.089,23.78390211,9.432041943,8.9141991,8.9141991
JI-750,PBS,M,NC,KO,No,8,195030,630.206,394.03,37.47599991,98666,498.367,252.074,49.42000574,96364,9279,134.216,88.025,34.41541992,9.629114607,8.9141991,8.9141991
JI-750,PBS,M,NC,KO,No,9,141464,441.126,408.313,7.438464294,72066,336.216,272.911,18.82866966,69398,5948,89.945,84.198,6.389460226,8.570852186,8.9141991,8.9141991
JI-750,PBS,M,NC,KO,No,10,111952,410.781,347.002,15.52627799,60679,313.545,246.404,21.41351321,51273,3502,73.298,60.832,17.00728533,6.830105514,8.9141991,8.9141991
JI-751,PBS,M,NC,KO,No,1,61144,316.674,245.84,22.36811358,19759,193.739,129.855,32.97425918,41385,4732,88.439,68.126,22.96837368,11.43409448,8.3913227,8.3913227
JI-751,PBS,M,NC,KO,No,2,292334,757.633,491.282,35.15567564,79475,370.646,273.012,26.3415766,212859,13791,156.631,112.106,28.42668437,6.478936761,8.3913227,8.3913227
JI-751,PBS,M,NC,KO,No,3,209989,615.53,434.368,29.43187172,64846,361.812,228.197,36.9293998,145143,14816,169.093,111.562,34.02328896,10.20786397,8.3913227,8.3913227
JI-751,PBS,M,NC,KO,No,4,144387,469.299,391.731,16.52848184,63991,331.301,245.927,25.76931552,80396,5529,94.228,74.71,20.71358832,6.877207821,8.3913227,8.3913227
JI-751,PBS,M,NC,KO,No,5,173190,556.86,395.993,28.88823043,95557,420.079,289.628,31.05392081,77633,3126,74.554,53.386,28.39284277,4.026638156,8.3913227,8.3913227
JI-751,PBS,M,NC,KO,No,6,130357,554.595,299.274,46.03737863,51752,336.914,195.577,41.95046807,78605,4462,99.032,57.367,42.07225947,5.676483684,8.3913227,8.3913227
JI-751,PBS,M,NC,KO,No,7,947801,1535.224,786.06,48.79835125,594259,1251.72,604.476,51.70836928,353542,27628,254.675,138.125,45.76420929,7.814630228,8.3913227,8.3913227
JI-751,PBS,M,NC,KO,No,8,230066,569.774,514.114,9.768785518,131437,441.539,379.017,14.16001757,98629,12670,132.627,121.634,8.288659172,12.84612031,8.3913227,8.3913227
JI-751,PBS,M,NC,KO,No,9,173652,612.978,360.699,41.15628946,69497,392.662,225.35,42.60967448,104155,9284,130.122,90.844,30.18551821,8.913638327,8.3913227,8.3913227
JI-751,PBS,M,NC,KO,No,10,141654,486.626,370.632,23.83637537,54620,362.114,192.051,46.96393953,87034,8388,119.345,89.488,25.01738657,9.637612887,8.3913227,8.3913227
JI-752,HDM,M,HFD,KO,VSG,1,331598,1085.224,389.048,64.15044267,140264,718.838,248.442,65.43838807,191334,18491,229.737,102.48,55.39247052,9.664252041,11.5224,11.5224
JI-752,HDM,M,HFD,KO,VSG,2,467745,1220.229,488.065,60.00217992,221783,843.661,334.711,60.32636331,245962,29285,285.508,130.598,54.25767404,11.90631073,11.5224,11.5224
JI-752,HDM,M,HFD,KO,VSG,3,169238,615.876,349.876,43.19051238,74426,409.784,231.249,43.56807489,94812,8297,130.598,80.89,38.06183862,8.751001983,11.5224,11.5224
JI-752,HDM,M,HFD,KO,VSG,4,64296,334.489,244.744,26.83047873,24115,223.627,137.301,38.6026732,40181,5466,97.554,71.34,26.8712713,13.60344441,11.5224,11.5224
JI-752,HDM,M,HFD,KO,VSG,5,219227,676.588,412.553,39.02448758,113603,512.648,282.15,44.9622353,105624,10877,141.584,97.815,30.91380382,10.29784897,11.5224,11.5224
JI-752,HDM,M,HFD,KO,VSG,6,377378,793.763,605.335,23.73857184,134314,446.406,383.091,14.18327711,243064,33988,253.546,170.679,32.68322119,13.98314847,11.5224,11.5224
JI-752,HDM,M,HFD,KO,VSG,7,516164,1092.173,601.737,44.9046076,231460,915.486,321.91,64.83725584,284704,32525,254.645,162.627,36.13579689,11.42414578,11.5224,11.5224
JI-752,HDM,M,HFD,KO,VSG,8,198769,689.418,367.093,46.75320343,106420,526.507,257.353,51.12068785,92349,13105,174.79,95.462,45.38474741,14.19073298,11.5224,11.5224
JI-752,HDM,M,HFD,KO,VSG,9,168190,532.013,402.52,24.34019469,58342,329.46,225.47,31.56377102,109848,12761,143.665,113.095,21.27866913,11.61696162,11.5224,11.5224
JI-752,HDM,M,HFD,KO,VSG,10,254824,821.196,395.097,51.8876127,114677,566.349,257.811,54.47842232,140147,13715,187.993,92.889,50.58911768,9.786153111,11.5224,11.5224
JI-753,HDM,M,HFD,KO,Sham,1,83424,421.607,251.938,40.24340203,19281,189.596,129.482,31.70636511,64143,5936,107.883,70.057,35.06205797,9.254322373,13.531823,13.531823
JI-753,HDM,M,HFD,KO,Sham,2,61408,311.121,251.308,19.22499606,20219,173.063,148.753,14.04690777,41189,5298,90.042,74.916,16.79882721,12.86265751,13.531823,13.531823
JI-753,HDM,M,HFD,KO,Sham,3,201477,646.758,396.638,38.67288847,55323,337.417,208.761,38.12967337,146154,22065,219.38,128.061,41.62594585,15.09708937,13.531823,13.531823
JI-753,HDM,M,HFD,KO,Sham,4,113720,448.124,323.109,27.89741232,50637,294.841,218.671,25.83426321,63083,6788,120.501,71.724,40.47850225,10.76042674,13.531823,13.531823
JI-753,HDM,M,HFD,KO,Sham,5,195252,642.765,386.771,39.82699743,56419,301.247,238.459,20.84269719,138833,22041,230.468,121.768,47.16489925,15.87590847,13.531823,13.531823
JI-753,HDM,M,HFD,KO,Sham,6,270364,673.902,510.813,24.20069981,120181,460.112,332.569,27.71998992,150183,24518,218.343,142.974,34.51862437,16.32541633,13.531823,13.531823
JI-753,HDM,M,HFD,KO,Sham,7,229431,572.417,510.328,10.84681273,114792,422.495,345.94,18.11974106,114639,18100,158.327,145.557,8.065585781,15.7886932,13.531823,13.531823
JI-753,HDM,M,HFD,KO,Sham,8,137205,466.956,374.114,19.88238721,58547,306.078,243.547,20.42975973,78658,7951,107.115,94.511,11.7667927,10.10831702,13.531823,13.531823
JI-753,HDM,M,HFD,KO,Sham,9,465809,1125.95,526.743,53.21790488,172208,678.56,323.129,52.38018746,293601,40016,327.05,155.786,52.36630485,13.62938137,13.531823,13.531823
JI-753,HDM,M,HFD,KO,Sham,10,217859,577.949,479.95,16.95634044,75979,259.016,269.457,-4.03102511,141880,22156,177.72,158.732,10.68422237,15.61601353,13.531823,13.531823
JI-754,PBS,F,HFD,WT,VSG,1,142671,527.383,344.445,34.68788338,56646,316.615,227.797,28.05236644,86025,8200,129.491,80.628,37.73466882,9.532112758,10.389008,10.389008
JI-754,PBS,F,HFD,WT,VSG,2,172809,529.11,415.844,21.40689082,84216,386.118,277.706,28.07742711,88593,7423,105.461,89.618,15.022615,8.378765817,10.389008,10.389008
JI-754,PBS,F,HFD,WT,VSG,3,507376,1269.063,509.046,59.88804338,196780,741.927,337.699,54.48352736,310596,26599,276.11,122.657,55.57676288,8.563857873,10.389008,10.389008
JI-754,PBS,F,HFD,WT,VSG,4,126757,428.44,376.697,12.0770703,46687,274.841,216.284,21.30577316,80070,7536,100.739,95.247,5.451711849,9.411764706,10.389008,10.389008
JI-754,PBS,F,HFD,WT,VSG,5,396850,806.437,626.565,22.30453216,213956,601.965,452.547,24.8217089,182894,26695,209.441,162.285,22.51517134,14.59588614,10.389008,10.389008
JI-754,PBS,F,HFD,WT,VSG,6,76801,442.785,220.843,50.12410086,20263,319.371,80.783,74.70559318,56538,5294,115.211,58.506,49.21839061,9.363613853,10.389008,10.389008
JI-754,PBS,F,HFD,WT,VSG,7,268560,696.975,490.607,29.60909645,120448,473.782,323.691,31.67933775,148112,18781,188.508,126.852,32.7073652,12.68026899,10.389008,10.389008
JI-754,PBS,F,HFD,WT,VSG,8,200346,633.276,402.808,36.39297873,72662,407.605,226.975,44.31496179,127684,11179,145.355,97.922,32.63252038,8.75520817,10.389008,10.389008
JI-754,PBS,F,HFD,WT,VSG,9,169332,608.629,354.239,41.79721965,53452,429.839,158.332,63.16481287,115880,13179,168.639,99.502,40.99704102,11.37297204,10.389008,10.389008
JI-754,PBS,F,HFD,WT,VSG,10,198424,536.324,471.061,12.1685772,87598,402.281,277.252,31.08001621,110826,12452,138.413,114.544,17.24476747,11.23563063,10.389008,10.389008
JI-755,HDM,F,NC,KO,No,1,978899,1819.067,685.172,62.33387775,352895,1382.759,324.944,76.50031567,626004,88667,503.403,224.263,55.45060319,14.163967,13.962433,13.962433
JI-755,HDM,F,NC,KO,No,2,288707,754.561,487.162,35.43769158,105101,479.083,279.323,41.69632402,183606,22421,196.386,145.363,25.98097624,12.21147457,13.962433,13.962433
JI-755,HDM,F,NC,KO,No,3,98800,451.434,278.659,38.2724828,33736,292.37,146.917,49.74963232,65064,10128,137.991,93.451,32.27746737,15.56621173,13.962433,13.962433
JI-755,HDM,F,NC,KO,No,4,665192,1458.569,580.671,60.18899346,239604,978.647,311.73,68.14683946,425588,66803,439.375,193.585,55.94082504,15.69663618,13.962433,13.962433
JI-755,HDM,F,NC,KO,No,5,127893,430.801,377.99,12.25879234,56612,286.26,251.801,12.03765807,71281,8648,110.73,99.44,10.19597218,12.13226526,13.962433,13.962433
JI-755,HDM,F,NC,KO,No,6,401243,959.985,532.173,44.56444632,125187,564.084,282.57,49.90639692,276056,41218,288.353,182,36.88291781,14.93102849,13.962433,13.962433
JI-755,HDM,F,NC,KO,No,7,271162,690.357,500.109,27.55791569,77694,380.615,259.903,31.71498759,193468,33461,256.54,166.071,35.26506588,17.29536668,13.962433,13.962433
JI-755,HDM,F,NC,KO,No,8,475404,844.402,716.842,15.10654878,155071,464.143,425.391,8.349151016,320333,43139,262.862,208.955,20.50771888,13.46692348,13.962433,13.962433
JI-755,HDM,F,NC,KO,No,9,234100,704.698,422.969,39.97868591,87694,433.321,257.674,40.53507677,146406,15990,172.078,118.313,31.24455189,10.92168354,13.962433,13.962433
JI-755,HDM,F,NC,KO,No,10,366313,1146.515,406.802,64.51838833,217130,937.01,295.043,68.51228909,149183,19750,240.293,104.649,56.449418,13.23877385,13.962433,13.962433
JI-756,HDM,F,NC,KO,No,1,320902,669.703,610.099,8.900064656,155763,496.293,399.61,19.48103237,165139,21590,166.049,165.549,0.301115936,13.07383477,12.34593,12.34593
JI-756,HDM,F,NC,KO,No,2,269773,667.271,514.762,22.85563137,132347,489.169,344.481,29.57832569,137426,18570,176.926,133.638,24.4667262,13.51272685,12.34593,12.34593
JI-756,HDM,F,NC,KO,No,3,274677,791.378,441.925,44.15753281,115123,499.174,293.644,41.17401948,159554,19952,201.695,125.951,37.55373212,12.50485729,12.34593,12.34593
JI-756,HDM,F,NC,KO,No,4,158323,458.971,439.207,4.306154419,76974,319.875,306.389,4.216021884,81349,8980,114.757,99.634,13.17828106,11.03885727,12.34593,12.34593
JI-756,HDM,F,NC,KO,No,5,558971,977.339,728.206,25.49095043,294658,683.258,549.09,19.63650627,264313,35590,242.641,186.756,23.03196904,13.46509631,12.34593,12.34593
JI-756,HDM,F,NC,KO,No,6,271184,856.327,403.213,52.91366499,123561,579.274,271.586,53.11614193,147623,19186,225.007,108.567,51.74950113,12.99661977,12.34593,12.34593
JI-756,HDM,F,NC,KO,No,7,867110,1515.443,728.525,51.92659836,378678,1012.588,476.154,52.97653142,488432,56686,376.973,191.459,49.21148199,11.6057097,12.34593,12.34593
JI-756,HDM,F,NC,KO,No,8,117565,445.897,335.702,24.71310639,36844,285.152,164.513,42.30691,80721,8532,117.392,92.538,21.17180046,10.56974022,12.34593,12.34593
JI-756,HDM,F,NC,KO,No,9,,,,,,,,,,,,,,,,
JI-756,HDM,F,NC,KO,No,10,,,,,,,,,,,,,,,,
JI-757,PBS,F,NC,KO,No,1,1227407,2033.926,768.358,62.22291273,735309,1715.403,545.775,68.18386117,492098,42952,343.601,159.162,53.6782489,8.728342728,9.6311676,9.6311676
JI-757,PBS,F,NC,KO,No,2,154631,525.693,374.519,28.75708826,72513,377.878,244.329,35.3418299,82118,5146,96.758,67.716,30.01508919,6.266591977,9.6311676,9.6311676
JI-757,PBS,F,NC,KO,No,3,134187,456.494,374.27,18.01206588,78057,368.075,270.014,26.6415812,56130,6987,102.07,87.157,14.61056138,12.44788883,9.6311676,9.6311676
JI-757,PBS,F,NC,KO,No,4,252292,667.104,481.526,27.8184511,128156,472.753,345.156,26.99020419,124136,15483,161.096,122.372,24.03784079,12.47261069,9.6311676,9.6311676
JI-757,PBS,F,NC,KO,No,5,212253,600.644,449.932,25.09173487,82856,402.714,261.961,34.95110674,129397,13530,148.731,115.826,22.1238343,10.45619296,9.6311676,9.6311676
JI-757,PBS,F,NC,KO,No,6,106817,473.17,287.431,39.25417926,48406,319.382,192.974,39.57893682,58411,6586,113.258,74.04,34.62713451,11.27527349,9.6311676,9.6311676
JI-757,PBS,F,NC,KO,No,7,159511,493.679,411.392,16.66811835,93684,401.794,296.874,26.11288372,65827,5934,91.209,82.836,9.18001513,9.014538107,9.6311676,9.6311676
JI-757,PBS,F,NC,KO,No,8,252560,862.847,372.684,56.80763797,104943,568.506,235.033,58.65778022,147617,12136,171.887,89.896,47.70052418,8.221275327,9.6311676,9.6311676
JI-757,PBS,F,NC,KO,No,9,219958,713.75,392.377,45.02598949,92563,472.365,249.5,47.18067596,127395,9934,144.779,87.363,39.65768516,7.797794262,9.6311676,9.6311676
JI-757,PBS,F,NC,KO,No,10,,,,,,,,,,,,,,,,
JI-758,PBS,F,NC,KO,No,1,146262,494.667,376.468,23.89466045,68579,328.07,266.155,18.87249672,77683,8403,111.758,95.734,14.33812345,10.81703848,10.291316,10.291316
JI-758,PBS,F,NC,KO,No,2,261419,597.102,557.441,6.642248728,114535,409.337,356.26,12.96657766,146884,18023,162.181,141.493,12.75611816,12.27022685,10.291316,10.291316
JI-758,PBS,F,NC,KO,No,3,329683,781.103,537.401,31.19972654,155451,590.364,335.261,43.21113754,174232,21669,200.193,137.816,31.15843211,12.43686579,10.291316,10.291316
JI-758,PBS,F,NC,KO,No,4,286544,790.118,461.753,41.55898233,167987,654.778,326.657,50.11179362,118557,9436,127.992,93.867,26.66182261,7.959040799,10.291316,10.291316
JI-758,PBS,F,NC,KO,No,5,584064,1092.482,680.701,37.69224573,245037,805.366,387.39,51.89888821,339027,27032,225.25,152.8,32.16426193,7.973406248,10.291316,10.291316
JI-758,PBS,F,NC,KO,No,6,,,,,,,,,,,,,,,,
JI-758,PBS,F,NC,KO,No,7,,,,,,,,,,,,,,,,
JI-758,PBS,F,NC,KO,No,8,,,,,,,,,,,,,,,,
JI-758,PBS,F,NC,KO,No,9,,,,,,,,,,,,,,,,
JI-758,PBS,F,NC,KO,No,10,,,,,,,,,,,,,,,,
JI-759,PBS,F,HFD,WT,Sham,1,163589,612.414,340.11,44.46403903,73840,377.141,249.286,33.90111391,89749,8309,130.427,81.113,37.80965598,9.258041872,10.431525,10.431525
JI-759,PBS,F,HFD,WT,Sham,2,200518,713.351,357.899,49.82848556,73845,379.507,247.749,34.71820019,126673,11635,169.128,87.591,48.2102313,9.185067062,10.431525,10.431525
JI-759,PBS,F,HFD,WT,Sham,3,65864,349.432,239.991,31.31968452,25257,226.346,142.075,37.23105334,40607,3911,91.339,54.518,40.31246237,9.631344349,10.431525,10.431525
JI-759,PBS,F,HFD,WT,Sham,4,65011,338.434,244.581,27.73155179,30755,256.779,152.499,40.61079761,34256,4386,85.531,65.291,23.66393471,12.80359645,10.431525,10.431525
JI-759,PBS,F,HFD,WT,Sham,5,215887,738.814,372.05,49.64226449,118825,587.652,257.453,56.18954756,97062,8650,133.551,82.467,38.25055597,8.911829552,10.431525,10.431525
JI-759,PBS,F,HFD,WT,Sham,6,115408,392.679,374.203,4.705115374,52690,307.76,217.985,29.1704575,62718,4400,82.801,67.659,18.28721875,7.015529832,10.431525,10.431525
JI-759,PBS,F,HFD,WT,Sham,7,728512,1486.236,624.107,58.00754389,411753,1172.435,447.155,61.86099869,316759,30805,285.13,137.559,51.75569039,9.725059114,10.431525,10.431525
JI-759,PBS,F,HFD,WT,Sham,8,153394,491.818,397.113,19.25610693,85422,361.352,300.989,16.70476433,67972,7596,109.3,88.486,19.04300091,11.17518978,10.431525,10.431525
JI-759,PBS,F,HFD,WT,Sham,9,167653,530.69,402.236,24.20509148,84152,391.342,273.79,30.03817633,83501,10463,126.715,105.133,17.03192203,12.53038886,10.431525,10.431525
JI-759,PBS,F,HFD,WT,Sham,10,67875,363.015,238.065,34.42006529,23533,247.893,120.871,51.24065625,44342,6243,112.725,70.515,37.44510978,14.07920256,10.431525,10.431525
JI-760,HDM,F,HFD,WT,No,1,305749,954.081,408.028,57.23340052,159796,682.462,298.125,56.31624911,145953,13147,186.059,89.967,51.64598326,9.007694258,11.219016,11.219016
JI-760,HDM,F,HFD,WT,No,2,195098,635.92,390.625,38.57324821,90758,424.99,271.905,36.02084755,104340,15397,170.266,115.138,32.37757391,14.75656508,11.219016,11.219016
JI-760,HDM,F,HFD,WT,No,3,901366,1650.618,695.288,57.87711027,501126,1267.192,503.517,60.26513741,400240,60317,407.849,188.3,53.83095214,15.07020788,11.219016,11.219016
JI-760,HDM,F,HFD,WT,No,4,352141,937.075,478.467,48.94037297,192311,727.026,336.794,53.67510928,159830,14638,178.853,104.207,41.73595075,9.158480886,11.219016,11.219016
JI-760,HDM,F,HFD,WT,No,5,68702,338.505,258.413,23.66050723,30330,245.262,157.454,35.80171409,38372,3227,78.074,52.626,32.59471783,8.409777963,11.219016,11.219016
JI-760,HDM,F,HFD,WT,No,6,125209,417.273,382.055,8.440038057,70010,313.132,284.671,9.089138127,55199,5993,89.307,85.441,4.328887993,10.85708074,11.219016,11.219016
JI-760,HDM,F,HFD,WT,No,7,85042,353.252,306.52,13.22908292,43610,261.317,212.485,18.68688222,41432,4980,85.342,74.298,12.94087319,12.01969492,11.219016,11.219016
JI-760,HDM,F,HFD,WT,No,8,234503,606.676,492.155,18.8767975,99304,435.395,290.398,33.30240356,135199,14320,140.877,129.423,8.130496816,10.59179432,11.219016,11.219016
JI-760,HDM,F,HFD,WT,No,9,258583,625.079,526.715,15.73625094,158777,503.06,401.863,20.11628832,99806,9830,123.144,101.637,17.46491912,9.849107268,11.219016,11.219016
JI-760,HDM,F,HFD,WT,No,10,261018,938.31,254.188,72.91001908,131248,726.922,229.887,68.37528648,129770,16182,221.415,93.054,57.97303706,12.46975418,11.219016,11.219016
JI-761,PBS,F,HFD,WT,No,1,1008794,1573.134,816.482,48.09838196,423882,1038.692,519.599,49.97564244,584912,50301,325.153,196.97,39.42236424,8.599755177,8.294294,8.294294
JI-761,PBS,F,HFD,WT,No,2,348453,1050.256,422.434,59.77799698,170781,854.101,254.59,70.19204989,177672,14167,192.561,93.674,51.35359704,7.973681841,8.294294,8.294294
JI-761,PBS,F,HFD,WT,No,3,863671,1554.677,707.324,54.50347564,530465,1188.512,568.281,52.18550591,333206,23810,244.302,124.092,49.20549156,7.145729669,8.294294,8.294294
JI-761,PBS,F,HFD,WT,No,4,215847,967.693,284,70.6518493,62812,573.223,139.518,75.66078123,153035,14597,232.212,80.037,65.532789,9.538340902,8.294294,8.294294
JI-761,PBS,F,HFD,WT,No,5,273790,710.106,490.913,30.86764511,104913,485.909,274.906,43.42438605,168877,11371,134.198,107.885,19.60759475,6.733302936,8.294294,8.294294
JI-761,PBS,F,HFD,WT,No,6,208325,535.763,495.084,7.592722902,117573,410.326,364.829,11.08801295,90752,8411,109.677,97.643,10.97221842,9.268115303,8.294294,8.294294
JI-761,PBS,F,HFD,WT,No,7,314560,711.088,563.236,20.79236325,164294,529.61,394.981,25.42040369,150266,10790,124.424,110.415,11.25908185,7.180599736,8.294294,8.294294
JI-761,PBS,F,HFD,WT,No,8,406856,906.768,571.287,36.99744587,198914,630.088,401.952,36.20700601,207942,18355,190.493,122.684,35.5965836,8.8269806,8.294294,8.294294
JI-761,PBS,F,HFD,WT,No,9,94641,427.895,281.613,34.18642424,30028,253.546,150.792,40.52676832,64613,6829,114.493,75.943,33.67018071,10.56908053,8.294294,8.294294
JI-761,PBS,F,HFD,WT,No,10,342312,824.456,528.646,35.87941625,188809,585.486,410.597,29.87073986,153503,10910,139.282,99.733,28.39491104,7.107352951,8.294294,8.294294
JI-762,HDM,F,HFD,WT,Sham,1,85874,426.427,256.405,39.87130271,31400,276.876,144.396,47.84813418,54474,4234,93.059,57.93,37.74916988,7.772515328,11.322597,11.322597
JI-762,HDM,F,HFD,WT,Sham,2,193081,607.228,404.853,33.32767922,86047,454.01,241.313,46.84852757,107034,15944,161.186,125.945,21.86356135,14.89620121,11.322597,11.322597
JI-762,HDM,F,HFD,WT,Sham,3,292789,1143.887,325.898,71.50959841,129376,876.256,187.989,78.54633806,163413,12048,228.774,67.053,70.69028823,7.372730444,11.322597,11.322597
JI-762,HDM,F,HFD,WT,Sham,4,437849,801.347,695.687,13.18529925,218271,556.914,499.02,10.39550092,219578,28812,198.203,185.086,6.617962392,13.12153312,11.322597,11.322597
JI-762,HDM,F,HFD,WT,Sham,5,196077,592.542,421.325,28.89533569,61942,390.157,202.142,48.18957497,134135,21924,207.067,134.809,34.89595155,16.34472733,11.322597,11.322597
JI-762,HDM,F,HFD,WT,Sham,6,121353,452.182,341.702,24.43263995,61711,325.949,241.059,26.04395166,59642,7829,106.35,93.73,11.86647861,13.12665571,11.322597,11.322597
JI-762,HDM,F,HFD,WT,Sham,7,166737,645.038,329.122,48.97633938,72335,394.419,233.507,40.79722326,94402,10783,169.388,81.053,52.14950292,11.42242749,11.322597,11.322597
JI-762,HDM,F,HFD,WT,Sham,8,855381,1537.182,708.507,53.90871087,450142,1081.466,529.964,50.99577795,405239,38958,314.265,157.837,49.77582613,9.613586057,11.322597,11.322597
JI-762,HDM,F,HFD,WT,Sham,9,203715,605.702,428.227,29.30071223,61098,329.67,235.971,28.42205842,142617,13973,157.996,112.604,28.72984126,9.797569715,11.322597,11.322597
JI-762,HDM,F,HFD,WT,Sham,10,539519,1641.793,418.407,74.51524035,269454,1296.75,264.569,79.59753229,270065,26353,328.4,102.173,68.88763703,9.758021217,11.322597,11.322597
JI-763,HDM,F,HFD,KO,No,1,364909,822.019,565.214,31.24076207,165527,550.65,382.739,30.49323527,199382,17695,175.106,128.665,26.52164974,8.874923514,11.152116,11.152116
JI-763,HDM,F,HFD,KO,No,2,243942,599.974,517.684,13.71559434,97341,356.226,347.921,2.331385132,146601,18669,168.844,140.781,16.6206676,12.73456525,11.152116,11.152116
JI-763,HDM,F,HFD,KO,No,3,317493,698.751,578.525,17.205843,154495,496.701,396.031,20.26772646,162998,17220,164.19,133.535,18.67044278,10.5645468,11.152116,11.152116
JI-763,HDM,F,HFD,KO,No,4,552332,877.266,801.693,8.61460492,275963,621.348,565.492,8.989487373,276369,32624,214.714,193.459,9.899214769,11.80450774,11.152116,11.152116
JI-763,HDM,F,HFD,KO,No,5,433028,843.831,653.387,22.56897412,234010,649.532,458.716,29.37745946,199018,22747,186.227,155.522,16.48794214,11.42961943,11.152116,11.152116
JI-763,HDM,F,HFD,KO,No,6,469370,870.877,686.229,21.20253492,224092,680.071,419.548,38.30820605,245278,30928,227.781,172.88,24.10253709,12.6093657,11.152116,11.152116
JI-763,HDM,F,HFD,KO,No,7,276036,623.928,563.303,9.716666026,146981,465.247,402.242,13.54226895,129055,17222,157.335,139.37,11.41831125,13.344698,11.152116,11.152116
JI-763,HDM,F,HFD,KO,No,8,1120687,1781.873,800.788,55.05919894,706320,1435.996,626.265,56.38810972,414367,44683,318.222,178.782,43.81846635,10.78343594,11.152116,11.152116
JI-763,HDM,F,HFD,KO,No,9,261355,691.139,481.477,30.33572118,122628,492.201,317.217,35.55132964,138727,16401,180.734,115.542,36.07068952,11.82250031,11.152116,11.152116
JI-763,HDM,F,HFD,KO,No,10,145196,473.866,390.13,17.67081833,73966,344.774,273.154,20.77302813,71230,5380,93.01,73.648,20.81711644,7.552997333,11.152116,11.152116
JI-764,PBS,F,HFD,KO,No,1,486634,1494.936,414.467,72.27526797,232173,1112.29,265.769,76.10614138,254461,21733,283.422,97.633,65.55207429,8.540798,8.8548243,8.2968089
JI-764,PBS,F,HFD,KO,No,2,1403459,2393.941,746.443,68.81949054,913710,1994.261,583.36,70.74806156,489749,39217,374.905,133.187,64.47446686,8.007571225,8.8548243,8.2968089
JI-764,PBS,F,HFD,KO,No,3,205615,679.345,385.367,43.27374162,93765,510.469,233.874,54.18448525,111850,11998,165.047,92.558,43.92021667,10.72686634,8.8548243,8.2968089
JI-764,PBS,F,HFD,KO,No,4,50831,286.817,225.649,21.32649041,20743,187.144,141.126,24.58962083,30088,2255,58.517,49.065,16.15257105,7.494682265,8.8548243,8.2968089
JI-764,PBS,F,HFD,KO,No,5,220845,656.513,428.306,34.76046933,69607,375.846,235.805,37.26020764,151238,20857,187.992,141.261,24.85797268,13.79084622,8.8548243,8.2968089
JI-764,PBS,F,HFD,KO,No,6,777949,1396.982,709.04,49.24487216,306964,836.003,467.508,44.07819111,470985,38472,303.844,161.215,46.94152262,8.168413007,8.8548243,8.2968089
JI-764,PBS,F,HFD,KO,No,7,199554,602.626,421.621,30.03604226,77055,390.126,251.481,35.53851832,122499,10179,125.263,103.465,17.40178664,8.309455587,8.8548243,8.2968089
JI-764,PBS,F,HFD,KO,No,8,41516,247.287,213.759,13.55833505,11143,134.083,105.813,21.08395546,30373,2653,65.308,51.723,20.80143321,8.734731505,8.8548243,8.2968089
JI-764,PBS,F,HFD,KO,No,9,186763,556.348,427.419,23.17416437,101533,428.713,301.544,29.662968,85230,7519,104.571,91.55,12.45182699,8.822011029,8.8548243,8.2968089
JI-764,PBS,F,HFD,KO,No,10,90811,385.147,300.208,22.05365743,41927,251.848,211.966,15.83574219,48884,2910,67.925,54.548,19.6937799,5.952868014,8.8548243,8.2968089
JI-765,PBS,F,HFD,KO,No,1,152117,784.012,247.039,68.49040576,47719,445.968,136.238,69.45117138,104398,11510,207.261,70.708,65.88456101,11.02511542,9.866422,9.866422
JI-765,PBS,F,HFD,KO,No,2,66829,346.03,245.902,28.9362194,30627,265.347,146.96,44.61591802,36202,3173,72.414,55.79,22.95688679,8.764709132,9.866422,9.866422
JI-765,PBS,F,HFD,KO,No,3,115668,526.23,279.864,46.8171712,50803,387.922,166.746,57.01558561,64865,5945,109.984,68.823,37.42453448,9.165189239,9.866422,9.866422
JI-765,PBS,F,HFD,KO,No,4,99041,454.334,277.556,38.90926059,42324,334.307,161.195,51.78234377,56717,4909,96.406,64.833,32.7500363,8.655253275,9.866422,9.866422
JI-765,PBS,F,HFD,KO,No,5,547691,1124.703,620.023,44.87229073,332301,901.206,469.481,47.90525141,215390,20985,201.179,132.812,33.98316922,9.742792144,9.866422,9.866422
JI-765,PBS,F,HFD,KO,No,6,189860,568.974,424.865,25.32787087,84251,409.227,262.133,35.94435362,105609,11759,143.667,104.214,27.4614212,11.13446771,9.866422,9.866422
JI-765,PBS,F,HFD,KO,No,7,568712,1411.83,512.885,63.67232599,339358,1153.669,374.53,67.53574899,229354,28030,272.793,130.828,52.04129138,12.22128238,9.866422,9.866422
JI-765,PBS,F,HFD,KO,No,8,77804,497.233,199.229,59.93246627,25008,349.697,91.054,73.96202999,52796,6683,143.875,59.142,58.89348393,12.65815592,9.866422,9.866422
JI-765,PBS,F,HFD,KO,No,9,69435,372.623,237.257,36.32787026,22165,196.086,143.923,26.60210316,47270,3460,81.624,53.972,33.87729099,7.319653057,9.866422,9.866422
JI-765,PBS,F,HFD,KO,No,10,446789,761.754,746.789,1.964544984,158018,524.777,383.391,26.94211065,288771,23037,175.257,167.363,4.504242341,7.977601629,9.866422,9.866422
